 Day ,Meal,,Jain ,,COMPULSORY ITEMS
 Monday ,BREAKFAST,"Poha(Namkeen), Sambar and Jalebi/ Dalia",,Banana (2),"Toasted white/whole wheat bread, Butter, Jam, Sugar, , oats, Sprouts-boiled chana, Milk(Non-Toned), Tea, Coffee, Bournvita/Horlicks                                                                                        "
,LUNCH,"Curd rice, Chana+Arhar daal, Kala chana, Bhindi peanut fry",Bhindi peanut fry,"Curd, Rasna","Plain Rice, Atta/Multigrain Roti, Salad(Beetroot+tomato+onion+carrot+lemon+chilli), Pickle, Lizzat Papad, Ghee"
,SNACKS,"Samosa , chutney",,—,"Milk(Non-Toned), Tea, Coffee "
,DINNER,"Dal Makhani, Capsicum-Aloo Masala",Capsicum masala, Kadhai Paneer ,"Plain Rice, Atta/Multigrain Roti, Salad(Beetroot+tomato+onion+carrot+lemon+chilli), Pickle, Lizzat Papad, Ghee"
 Tuesday ,BREAKFAST,Sewai Upma,Chatni ,Banana(2),"Toasted white/whole wheat bread, Butter, Jam, Sugar, Cornflakes,Sprouts-boiled chana, Milk(Non-Toned), Tea, Coffee, Bournvita/Horlicks                                                                                        "
,LUNCH,"Dal Panchmahal, Veg Korma, Sev tamatar ki sabji",sev tamatar ki sabji,"Mango, Jeera - Chhach","Plain Rice, Atta/Multigrain Roti, Salad(Beetroot+tomato+onion+carrot+lemon+chilli), Pickle, Lizzat Papad/Aloo masala chips, Ghee"
,SNACKS,Aloo grilled sandwich,,—," Milk(Non-Toned), Tea, Coffee "
,DINNER,"Lemon Rice, Mix Dal, Aaloo Mutter Masala,Lauki Chana, Kheer",Lauki channa,—,"Plain Rice, Salad(Beetroot+tomato+onion+carrot+lemon+chilli), Pickle, Lizzat Papad, Ghee"
 Wednesday ,BREAKFAST,"Idli+Fried Idli / Idli+Mendu Vada, Sambhar, Coconut Chutney, Tomato Chutney",,Banana (2),"Toasted white/whole wheat bread, Butter, Jam, Sugar, Oats, Sprouts-boiled chana, Milk(Non-Toned), Tea, Coffee, Bournvita/Horlicks                                                                                        "
,LUNCH,"Masoor Dal, Besan Gatte ki sabji, Bhindi Do Pyaza",Bhindi,"Curd, Roohaafza","Plain Rice, Atta/Multigrain Roti, Salad(Beetroot+tomato+onion+carrot+lemon+chilli), Pickle, Lizzat Papad, Ghee"
,SNACKS,Bhelpuri,,—," Milk(Non-Toned), Tea, Coffee "
,DINNER,"Lasooni Dal Tadka, Aloo Pyaaj ki  Sabji",Papad maithidana,Paneer Butter Masala,"Plain Rice, Atta/Multigrain Roti, Salad(Beetroot+tomato+onion+carrot+lemon+chilli), Pickle, Lizzat Papad, Ghee "
 Thursday ,BREAKFAST,"Poori,  aalu tamatar Sabzi",,Banana(2),"Toasted white/whole wheat bread, Butter, Jam, Sugar, Cornflakes, Sprouts-boiled chana, Milk(Non-Toned), Tea, Coffee, Bournvita/Horlicks                                                                                                                                                                                "
,LUNCH,"Channa Dal Fry, Curry Pakoda, Dahi Chauli","Besan ke gatte ki sbji,dahi chauli","Veg raita, Nimboo pani","Plain Rice, Atta/Multigrain Roti, Salad(Beetroot+tomato+onion+carrot+lemon+chilli), Pickle, Lizzat Papad, Ghee"
,SNACKS,Veg-cutlet,,—," Milk(Non-Toned), Tea, Coffee "
,DINNER,"Khichdi, Masoor Dal, Dry Tinda Masala, Lobiya , Milk barfi (2 pieces)/ Fruit custard",Lobiya,—,"Plain Rice, Atta/Multigrain Roti, Salad(Beetroot+tomato+onion+carrot+lemon+chilli), Pickle, Lizzat Papad, Ghee"
 Friday ,BREAKFAST,"Pongal with sambhar and chutney /Uttapam, Sambhar, Coconut Chutney",,Banana (2),"Toasted white/whole wheat bread, Butter, Jam, Sugar,  Oats Sprouts-boiled chana, Milk(Non-Toned), Tea, Coffee, Bournvita/Horlicks                                                                                        "
,LUNCH,"Rajma Dal, Aloo matar tamatar, Mix Veg Dry","mix veg (Tomato,Gwarfali,matar","Mango, Butter Milk","Plain Rice, Atta/Multigrain Roti, Salad(Beetroot+tomato+onion+carrot+lemon+chilli), Pickle, Lizzat Papad, Ghee"
,SNACKS,Aloo - tikki chaat,,—," Milk(Non-Toned), Tea, Coffee "
,DINNER,"Mong  Dal, Veg Biriyani, Pindi chole",Pindi chole,Paneer Lababdar,"Plain Rice, Atta/Multigrain Roti, Salad(Beetroot+tomato+onion+carrot+lemon+chilli), Pickle,Lizzat Papad, Ghee"
 Saturday ,BREAKFAST,"Aloo Pyaz Paratha, Curd, Mint Chutney, Pickle",,Banana,"Toasted white/whole wheat bread, Butter, Jam, Sugar, Oats, Sprouts-boiled chana, Milk(Non-Toned), Tea, Coffee, Bournvita/Horlicks                                                                                        "
,LUNCH,"Veg pakoda Sabji, Dal tadka, Gawarfalii"," Gawarfalii,Papad maithidana ","Curd, Roohhafza","Plain Rice, Atta/Multigrain Roti, Salad(Beetroot+tomato+onion+carrot+lemon+chilli), Pickle, Lizzat Papad, Ghee"
,SNACKS,Maggie/Veg Noodles,,—," Milk(Non-Toned), Tea, Coffee "
,DINNER,"Veg Pulao, Dal Tadka, Chole Bhature, Dry Aloo Masala,Ice cream (Butterscotch/ Chocolate) ",,,"Plain Rice, Atta/Multigrain Roti, Salad(Beetroot+tomato+onion+carrot+lemon+chilli), Pickle,Lizzat Papad, Ghee"
 Sunday ,BREAKFAST,"Masala dosa, Sambhar",,Banana(2),"Toasted white/whole wheat bread, Butter, Jam, Sugar, Cornflakes,  Sprouts-boiled chana, Milk(Non-Toned), Tea, Coffee, Bournvita/Horlicks                                                                                        "
,LUNCH,"Veg Fried Rice, Dal Makhani, Green Mung chilka, Veg manchurian",Tindori masala,"Bundi Raita, Nimboo Pani ","Plain Rice, Atta/Multigrain Roti, Salad(Beetroot+tomato+onion+carrot+lemon+chilli), Pickle, Lizzat Papad, Ghee"
,SNACKS,Pani-Puri,,—," Milk(Non-Toned), Tea, Coffee "
,DINNER,"Plain rice, Chana Dal tadka, white chola, Gulab jamun(2 piece)",white chola,Paneer Shimla Dry,"Plain Rice, Atta/Multigrain Roti, Salad(Beetroot+tomato+onion+carrot+lemon+chilli), Pickle, Lizzat Papad, Ghee"