 Day ,Meal,,,COMPULSORY ITEMS
 Monday ,BREAKFAST,"Poha(Namkeen), Sambar and Jalebi",Boiled egg (2),"Toasted white/whole wheat bread, Butter, Jam, Sugar, Cornflakes,  Sprouts-boiled chana, Milk(Non-Toned), Tea, Coffee, Bournvita                                                                                        "
,LUNCH,"Bhindi Peanut Fry, Malai Kofta, Moong dal","Seasonal fruits (2 Types), Masala Chaas","Plain Rice, Atta Roti, Salad(Beetroot+tomato+onion+cucumber+lemon+chilli), Pickle, Lizzat Papad,Ghee"
,SNACKS,"Dhokla or khandvi(Besan), Mirchi Chutney, Imli Chutney",,"Milk(Non-Toned), Tea, Coffee "
,DINNER,"Ghugni, Sabut Masoor dal, Moong dal barfi (2 Piece)",Egg Burji,"Plain Rice, Atta Roti, Salad(Beetroot+tomato+onion+cucumber+lemon+chilli), Pickle, Lizzat Papad,Ghee"
 Tuesday ,BREAKFAST,"Masala paratha, Mix sabji, pudhina chutney",Banana(2),"Toasted white/whole wheat bread, Butter, Jam, Sugar, Oats, Sprouts-boiled chana, Milk(Non-Toned), Tea, Coffee, Bournvita                                                                                        "
,LUNCH,"Veg Korma, Methi Matar Malai, Urad chilka dal","Curd, Roohhafza","Plain Rice, Atta Roti, Salad(Beetroot+tomato+onion+cucumber+lemon+chilli), Pickle, Lizzat Papad,Ghee"
,SNACKS,"Aloo Samosa or Aloo tikki chat, Chutney, dahi, chole",—," Milk(Non-Toned), Tea, Coffee "
,DINNER,"Soyachunks gravy,Tinde ki Sabji, Dal Makhani, Lemon Rice",—,"Plain Rice, Atta Roti, Salad(Beetroot+tomato+onion+cucumber+lemon+chilli),  Pickle, Lizzat Papad,Ghee"
 Wednesday ,BREAKFAST,"Uttapam or Namkeen siwaiya, Sambhar, Coconut Chutney",Boiled egg (2),"Toasted white/whole wheat bread, Butter, Jam, Sugar, Cornflakes,  Sprouts-boiled chana, Milk(Non-Toned), Tea, Coffee, Bournvita                                                                                       "
,LUNCH,"Aloo parval, Baigan ka bharta, Mix dal","Veg Raita, Rasna","Plain Rice, Atta Roti, Salad(Beetroot+tomato+onion+cucumber+lemon+chilli), Pickle, Lizzat Papad,Ghee"
,SNACKS,"Pasta or maggi, Chutney or ketchup",—," Milk(Non-Toned), Tea, Coffee "
,DINNER,"Mix Veg, Masoor dal, Fruit Custard ",Butter Chiken,"Plain Rice, Atta Roti, Salad(Beetroot+tomato+onion+cucumber+lemon+chilli), Pickle, Lizzat Papad,Ghee"
 Thursday ,BREAKFAST,"Masala Poori, Chole or Safed Mattar ki Sabzi and Kheer",Banana(2),"Toasted white/whole wheat bread, Butter, Jam, Sugar, Oats, Sprouts-boiled chana, Milk(Non-Toned), Tea, Coffee, Bournvita"
,LUNCH,"Kadi Pakora, Aloo-Jeera, Kali massor Dal","Seasonal fruits( amrood or pears  or apple), Lassi","Plain Rice, Atta Roti, , Salad(Beetroot+tomato+onion+cucumber+lemon+chilli), Pickle, Lizzat Papad,Ghee"
,SNACKS,"Cheese Grilled Sandwich (2pcs) , ketchup",—," Milk(Non-Toned), Tea, Coffee "
,DINNER,"Pindi Chola, Soyachunks matar Masala, Lobia dal, Veg Pulao",—,"Plain Rice, Atta Roti, Salad(Beetroot+tomato+onion+cucumber+lemon+chilli), Pickle, Lizzat, Ghee"
 Friday ,BREAKFAST,"Idli+Fried Idli or Idli+Mendu Vada, Sambhar, Coconut Chutney, Tomato Chutney",Boiled egg (2),"Toasted white/whole wheat bread, Butter, Jam, Sugar, Cornflakes,  Sprouts-boiled chana, Milk(Non-Toned), Tea, Coffee, Bournvita                                                                                       "
,LUNCH,"Lauki channa, Arbi, Rajma dal","Pudina Chaas, Aam panna","Plain Rice, Atta Roti, Salad(Beetroot+tomato+onion+cucumber+lemon+chilli), Pickle, Lizzat Papad,Ghee"
,SNACKS,"Pyaz kachori or Moong Dal kachori, Chutney",—," Milk(Non-Toned), Tea, Coffee "
,DINNER,"Sev Tamatar, Dal Fry, Veg Biryani, Rasmalai(2 Piece)","
Egg Butter Masala","Plain Rice, Atta Roti, Salad(Beetroot+tomato+onion+cucumber+lemon+chilli), Pickle, Lizzat, Ghee"
 Saturday ,BREAKFAST,"Dal stuffed paratha, kala Chaane ki saabji",Boiled egg (2),"Toasted white/whole wheat bread, Butter, Jam, Sugar, Oats, Sprouts-boiled chana, Milk(Non-Toned), Tea, Coffee, Bournvita                                                                                        "
,LUNCH,"Gawar fali sabji, mix Veg Pakoda, Moong dal","Curd, Roohhafza","Plain Rice, Atta Roti, Salad(Beetroot+tomato+onion+cucumber+lemon+chilli), Pickle, Lizzat Papad,Ghee"
,SNACKS,Dahi papdi chat Chutney,—," Milk(Non-Toned), Tea, Coffee "
,DINNER,"Soya Masala dry,  Chole Bhature, Dal Tadka, ",,"Plain Rice, Atta Roti, Salad(Beetroot+tomato+onion+cucumber+lemon+chilli), Pickle, Lizzat, Ghee"
 Sunday ,BREAKFAST,"Masala dosa, Coconut Chutney, sambhar",Boiled Egg (2),"Toasted white/whole wheat bread, Butter, Jam, Sugar, Cornflakes,  Sprouts-boiled chana, Milk(Non-Toned), Tea, Coffee, Bournvita                                                                                        "
,LUNCH,"Veg fried Rice, Kaddu masala, Green moong chilka, Manchurian",Boondi Raita pudina,"Plain Rice, Atta Roti, Salad(Beetroot+tomato+onion+cucumber+lemon+chilli), Pickle, Lizzat Papad, Ghee"
,SNACKS,"Paani puri, emili pani",—," Milk(Non-Toned), Tea, Coffee "
,DINNER,"Veg Korma, Arhar Dal, Ice cream(Chocolate or Butterscotch)","Chicken Biryani,veg Raita","Plain Rice, Atta Roti, Salad(Beetroot+tomato+onion+cucumber+lemon+chilli), Pickle, Lizzat, Ghee"